date,value
2021-06-29,26.147239373115056
2021-06-30,24.586887664490273
2021-07-01,20.424349811892775
2021-07-02,27.209076418195316
2021-07-03,14.229493084861979
2021-07-04,13.589076418195312
2021-07-05,24.501766044097415
2021-07-06,13.483413130715949
2021-07-07,31.051029691267605
2021-07-08,40.73504657777381
2021-07-09,22.370094566589987
2021-07-10,11.396344566589992
2021-07-11,8.68676123325665
2021-07-12,25.489254567548436
2021-07-13,25.227207083736204
2021-07-14,17.335578578185643
2021-07-15,19.609491918953204
2021-07-16,14.452986189771142
2021-07-17,-8.821597143562197
2021-07-18,-24.72993047689553
2021-07-19,19.125154394860715
2021-07-20,22.209543057248784
2021-07-21,20.006933822434473
2021-07-22,18.61766755945151
2021-07-23,19.32155365736087
2021-07-24,6.2844703240275415
2021-07-25,-8.773029675972456
2021-07-26,18.080727424057166
2021-07-27,16.957026916982457
2021-07-28,8.762723764829307
2021-07-29,-24.513824890701017
2021-07-30,-5.357308459777311
2021-07-31,-40.34022512644397
2021-08-01,-11.627725126443973
2021-08-02,7.157030036059577
2021-08-03,23.419991766547092
2021-08-04,24.350328563691185
2021-08-05,20.084158730895933
2021-08-06,-3.5783174107965188
2021-08-07,-13.660817410796522
2021-08-08,-69.54498407746318
2021-08-09,-8.170137966616487
2021-08-10,14.40384652693837
2021-08-11,23.244730724782443
2021-08-12,29.65337360595274
2021-08-13,18.060442469321647
2021-08-14,-13.47539086401169
2021-08-15,-14.899557530678354
2021-08-16,-11.005041928175324
2021-08-17,-20.084290236620067
2021-08-18,1.0157408240955554
2021-08-19,17.136600657646827
2021-08-20,26.82542226787836
2021-08-21,16.108338934545024
2021-08-22,2.7000056012116787
2021-08-23,17.579491626855653
2021-08-24,18.45440028338693
2021-08-25,7.385482190087789
2021-08-26,15.309114689808602
2021-08-27,17.081931276462768
2021-08-28,5.894014609796088
2021-08-29,1.9169312764627477
2021-08-30,27.35461544698731
2021-08-31,29.238558006810976
2021-09-01,30.350668142229267
2021-09-02,34.99705867935628
2021-09-03,26.242210174247504
2021-09-04,22.592626840914164
2021-09-05,13.345960174247494
2021-09-06,43.58021068504299
2021-09-07,42.46084190162258
2021-09-08,39.020041399340776
2021-09-09,44.29784599472635
2021-09-10,52.55608447710708
2021-09-11,43.28775114377373
2021-09-12,19.492334477107093
2021-09-13,55.19227688764354
2021-09-14,57.86109476129658
2021-09-15,83.10470954178967
2021-09-16,74.72292263250442
2021-09-17,71.93056941112533
2021-09-18,48.73431941112532
2021-09-19,9.074736077791997
2021-09-20,64.54144471826382
2021-09-21,63.84823337381864
2021-09-22,59.48582408804833
2021-09-23,-13.666673543654255
2021-09-24,20.65943800682271
2021-09-25,39.26610467348937
2021-09-26,37.3961046734894
2021-09-27,45.62666130417515
2021-09-28,58.4529295487178
2021-09-29,33.905411483376945
2021-09-30,10.29291194965407
2021-10-01,-7.782369100390568
2021-10-02,-4.0532024337238965
2021-10-03,-67.14611910039056
2021-10-04,45.91980193892183
2021-10-05,38.71305938859273
2021-10-06,76.40416443324213
2021-10-07,194.4873740756078
2021-10-08,99.37456323583149
2021-10-09,34.97331323583147
2021-10-10,39.81831323583147
2021-10-11,59.588150283283554
2021-10-12,57.95706189609107
2021-10-13,78.04627290395428
2021-10-14,57.257169875316194
2021-10-15,8.421821084075525
2021-10-16,48.54682108407554
2021-10-17,33.9259877507422
2021-10-18,82.41163395070751
2021-10-19,47.49183793437866
2021-10-20,-45.50045081997468
2021-10-21,-43.22084396069681
2021-10-22,-34.13701958798233
2021-10-23,33.365897078684334
2021-10-24,-6.599936254649002
2021-10-25,66.33984731724159
2021-10-26,70.4648770410567
2021-10-27,36.727937305478406
2021-10-28,46.20649010465997
2021-10-29,7.309138040132368
2021-10-30,-21.51086195986764
2021-10-31,-44.21779529320097
2021-11-01,18.106855738160853
2021-11-02,125.33317722990674
2021-11-03,111.2419705134948
2021-11-04,90.97515267626812
2021-11-05,78.7820466522426
2021-11-06,-4.549620014424065
2021-11-07,-45.89878668109074
2021-11-08,92.40075726388935
2021-11-09,80.02281663034404
2021-11-10,95.01820905852432
2021-11-11,108.64354176966361
2021-11-12,85.6460213102173
2021-11-13,75.64727131021729
2021-11-14,88.04518797688397
2021-11-15,145.33820467975983
2021-11-16,153.66747783862496
2021-11-17,96.743780156685
2021-11-18,54.32482897576546
2021-11-19,45.84107528152134
2021-11-20,24.424825281521322
2021-11-21,59.042741948188024
2021-11-22,146.86883408639585
2021-11-23,154.57686258764417
2021-11-24,186.9304334365923
2021-11-25,156.21344091184898
2021-11-26,102.25666895582944
2021-11-27,116.77833562249609
2021-11-28,115.0470856224961
2021-11-29,186.89821969691417
2021-11-30,47.732507311945504
2021-12-01,10.240175825518662
2021-12-02,114.60053166837085
2021-12-03,70.90550668908978
2021-12-04,117.1980066890898
2021-12-05,78.64550668908979
2021-12-06,184.20306915158514
2021-12-07,131.1490669562357
2021-12-08,94.79862710801518
2021-12-09,192.50477738436624
2021-12-10,152.88796239933305
2021-12-11,150.45587906599974
2021-12-12,96.22879573266641
2021-12-13,178.58328874751385
2021-12-14,209.15926889163046
2021-12-15,207.57272061441296
2021-12-16,253.43828729697833
2021-12-17,252.0653327637111
2021-12-18,173.4386660970444
2021-12-19,33.59866609704442
2021-12-20,241.79507767810196
2021-12-21,343.37085664909233
2021-12-22,328.30344362710395
2021-12-23,214.70633077175202
2021-12-24,110.18307695959913
2021-12-25,112.26682695959914
2021-12-26,86.4309936262658
2021-12-27,62.007908747953664
2021-12-28,16.76256388370463
2021-12-29,68.8468093531158
2021-12-30,-13.078620888402043
2021-12-31,-74.39813863724758
2022-01-01,-3.947721970580915
2022-01-02,-39.17230530391425
2022-01-03,-5.977928638485579
2022-01-04,67.55723355595211
2022-01-05,18.44416129788521
2022-01-06,103.77514191981503
2022-01-07,78.71699756949022
2022-01-08,77.43366423615689
2022-01-09,58.095330902823555
2022-01-10,174.99442659940954
2022-01-11,169.86587681732334
2022-01-12,146.96042891737636
2022-01-13,90.5390831070614
2022-01-14,87.01018370031666
2022-01-15,124.24310036698334
2022-01-16,41.34351703365
2022-01-17,37.36637264894398
2022-01-18,141.81679365975754
2022-01-19,78.66660731644383
2022-01-20,23.46266886595823
2022-01-21,64.83208392237216
2022-01-22,81.32000058903887
2022-01-23,99.25750058903887
2022-01-24,152.21040860144672
2022-01-25,201.8119981381327
2022-01-26,138.85333922154732
2022-01-27,24.180405643281674
2022-01-28,76.66433901081317
2022-01-29,-5.55441098918687
2022-01-30,-42.38316098918686
2022-01-31,93.63787920236723
2022-02-01,50.21338228166073
2022-02-02,37.27436602055343
2022-02-03,90.52584917373377
2022-02-04,27.44509009828311
2022-02-05,-16.028659901716892
2022-02-06,-52.13907656838356
2022-02-07,-19.383027814843615
2022-02-08,32.525465582820615
2022-02-09,61.7705677680724
2022-02-10,88.882981380681
2022-02-11,79.76807466001785
2022-02-12,38.23807466001784
2022-02-13,-21.234425339982174
2022-02-14,-2.7185830714605714
2022-02-15,51.67886678938523
2022-02-16,15.412500464500482
2022-02-17,-32.230981535490365
2022-02-18,15.327998055700704
2022-02-19,-62.68325194429931
2022-02-20,-35.01783527763264
2022-02-21,-27.136687203836452
2022-02-22,19.341248371799118
2022-02-23,24.121587812259726
2022-02-24,19.06666197433332
2022-02-25,13.684013897829985
2022-02-26,119.16068056449666
2022-02-27,76.13484723116332
2022-02-28,85.05004427840927
2022-03-01,102.6630706892467
2022-03-02,102.69692182870489
2022-03-03,190.1264175796676
2022-03-04,184.5648629179409
2022-03-05,170.1898629179409
2022-03-06,166.58527958460758
2022-03-07,242.78595073986284
2022-03-08,309.0844091024047
2022-03-09,274.0056999413148
2022-03-10,124.1456879197994
2022-03-11,-75.58272754075679
2022-03-12,-31.771894207423465
2022-03-13,-40.9239775407568
2022-03-14,126.41016161209618
2022-03-15,150.13762501850917
2022-03-16,104.7100014276264
2022-03-17,84.77902656272212
2022-03-18,82.9855218163608
2022-03-19,-14.962394850305891
2022-03-20,-96.87156151697255
2022-03-21,64.58765624124496
2022-03-22,91.86750255562987
2022-03-23,92.29864379769893
2022-03-24,93.10682592822448
2022-03-25,99.32683141280793
2022-03-26,44.50058141280794
2022-03-27,55.5419944562862
2022-03-28,93.35010721897214
2022-03-29,121.30577331520698
2022-03-30,142.89493140123096
2022-03-31,81.79003135578085
2022-04-01,34.20514877370921
2022-04-02,40.47764877370922
2022-04-03,46.96056544037587
2022-04-04,-50.65333389685223
2022-04-05,46.87486103965217
2022-04-06,-14.09281317727369
2022-04-07,-59.35543032900942
2022-04-08,-16.569196322087095
2022-04-09,-77.61252965542045
2022-04-10,-62.78377965542043
2022-04-11,84.83152734685558
2022-04-12,39.03332257202836
2022-04-13,76.02868583122975
2022-04-14,81.4903388546857
2022-04-15,46.00736039003057
2022-04-16,2.2581937233639024
2022-04-17,-38.13513960996943
2022-04-18,-26.348462221441373
2022-04-19,65.58365510832934
2022-04-20,51.934458891323004
2022-04-21,49.048917309855376
2022-04-22,21.410559065080726
2022-04-23,-57.7702742682526
2022-04-24,-42.54152426825258
2022-04-25,74.74564969840648
2022-04-26,89.7735427220467
2022-04-27,73.4640475791605
2022-04-28,80.55830346800506
2022-04-29,78.84736475719495
2022-04-30,52.09778142386161
2022-05-01,45.564031423861614
2022-05-02,91.09467715549826
2022-05-03,79.93399674133217
2022-05-04,83.25907167935283
2022-05-05,84.70322932931327
2022-05-06,74.16908445473499
2022-05-07,50.23825112140165
2022-05-08,20.627417788068335
2022-05-09,70.09996548011435
2022-05-10,35.59509683815134
2022-05-11,9.208933673691568
2022-05-12,17.456243123392603
2022-05-13,17.7980161971769
2022-05-14,1.9788495305102387
2022-05-15,-1.9649004694897556
2022-05-16,57.673628380641425
2022-05-17,70.37606960631419
2022-05-18,54.84632951518951
2022-05-19,57.05360379570355
2022-05-20,56.40271231578802
2022-05-21,-49.469787684211994
2022-05-22,13.200212315788008
2022-05-23,36.36024008286834
2022-05-24,11.673790767575952
2022-05-25,26.935013555028135
2022-05-26,-84.65365374937937
2022-05-27,-104.39642537428583
2022-05-28,-114.3126753742858
2022-05-29,5.173157959047529
2022-05-30,74.81579181363873
2022-05-31,59.184295683919174
2022-06-01,64.9515905853956
2022-06-02,37.40011884988351
2022-06-03,34.038216427880585
2022-06-04,11.986133094547242
2022-06-05,-8.929283572119445
2022-06-06,-60.062561927345264
2022-06-07,33.831924280067675
2022-06-08,40.881341628203046
2022-06-09,37.46827569090917
2022-06-10,37.888002971494494
2022-06-11,-13.165747028505486
2022-06-12,-30.910747028505504
2022-06-13,17.457587409077618
2022-06-14,43.51913833362871
2022-06-15,58.34891213819731
2022-06-16,48.31953915529472
2022-06-17,101.87138296141904
2022-06-18,41.83513296141901
2022-06-19,1.0922162947523688
2022-06-20,113.20959396196872
2022-06-21,130.41107115706066
2022-06-22,166.58267334103124
2022-06-23,137.67928180410416
2022-06-24,114.32928180301047
2022-06-25,80.42219846967714
2022-06-26,41.70011513634382
2022-06-27,151.43559728081297
2022-06-28,169.69298550317805
2022-06-29,150.42121657394202
2022-06-30,156.61940449151535
2022-07-01,147.77980737104465
2022-07-02,52.31772403771137
2022-07-03,33.500640704378014
2022-07-04,126.75928385442597
2022-07-05,148.58874646920694
2022-07-06,129.34167437185405
2022-07-07,37.96142447832256
2022-07-08,119.603901119276
2022-07-09,-28.174015547390646
2022-07-10,-61.14776554739067
2022-07-11,195.84925661503746
2022-07-12,197.484720603294
2022-07-13,172.49410246760362
2022-07-14,188.8128638272187
2022-07-15,153.6086154457284
2022-07-16,-1.5026345542716086
2022-07-17,45.54194877906171
2022-07-18,224.41150371855048
2022-07-19,227.05473131374947
2022-07-20,163.90477142152378
2022-07-21,227.57303344456707
2022-07-22,209.1771624507752
2022-07-23,156.71132911744184
2022-07-24,92.35424578410851
2022-07-25,137.38391584930355
2022-07-26,144.36665482903356
2022-07-27,250.15730301710414
2022-07-28,299.1373487295697
2022-07-29,264.47925838395105
2022-07-30,206.60342505061766
2022-07-31,143.62217505061767
2022-08-01,258.0872248476012
2022-08-02,214.86288434585754
2022-08-03,220.80745465252878
2022-08-04,258.9034415218658
2022-08-05,230.74136536718964
2022-08-06,124.23928203385636
2022-08-07,65.35511536718965
2022-08-08,209.2440685250637
2022-08-09,189.07925224181747
2022-08-10,173.12209778517393
2022-08-11,206.47335619575372
2022-08-12,273.7543789117173
2022-08-13,214.7010455783839
2022-08-14,167.41187891171728
2022-08-15,261.01513619034114
2022-08-16,322.9179095822201
2022-08-17,380.9276886835571
2022-08-18,391.7092202697627
2022-08-19,338.6266984084779
2022-08-20,281.5033650751446
2022-08-21,187.66169840847792
2022-08-22,387.43874049695484
2022-08-23,428.4159420473443
2022-08-24,451.3690545861511
2022-08-25,428.3407392138599
2022-08-26,528.1458245033976
2022-08-27,436.5433245033977
2022-08-28,229.73707450339768
2022-08-29,481.3913159022744
2022-08-30,493.38221243381815
2022-08-31,437.005945909477
2022-09-01,402.52747514616965
2022-09-02,251.24863296226584
2022-09-03,116.74738296226585
2022-09-04,71.70821629559921
2022-09-05,185.8671641734369
2022-09-06,246.3341242782064
2022-09-07,298.4286247165299
2022-09-08,285.97591600026055
2022-09-09,191.95745099615024
2022-09-10,250.5753676628169
2022-09-11,237.74661766281693
2022-09-12,256.06108722719307
2022-09-13,239.83731702749247
2022-09-14,300.67474286550174
2022-09-15,213.7730526426593
2022-09-16,47.04889516088173
2022-09-17,-85.3811048391183
2022-09-18,-76.21568817245164
2022-09-19,108.41629713929166
2022-09-20,212.6055101354624
2022-09-21,229.419582058158
2022-09-22,237.16286649814964
2022-09-23,218.2665710628299
2022-09-24,201.04948772949652
2022-09-25,126.43907106282987
2022-09-26,93.65290140406975
2022-09-27,156.97355768027847
2022-09-28,232.92923683511634
2022-09-29,264.6692227056215
2022-09-30,164.13416932898616
2022-10-01,-68.53166400434712
2022-10-02,-36.60624733768046
2022-10-03,62.46019693306193
2022-10-04,104.52833265789732
2022-10-05,-34.389201396331046
2022-10-06,-27.951813270731755
2022-10-07,35.32673614692442
2022-10-08,16.774652813591075
2022-10-09,18.16131948025773
2022-10-10,33.439504142057935
2022-10-11,129.70474748183304
2022-10-12,147.0833123154324
2022-10-13,123.4993757588783
2022-10-14,127.38273533090253
2022-10-15,23.37148533090255
2022-10-16,-37.40226466909744
2022-10-17,21.016027397104573
2022-10-18,53.555229675015894
2022-10-19,39.48189164671068
2022-10-20,9.314445929515582
2022-10-21,31.71838578997079
2022-10-22,8.135469123304112
2022-10-23,-35.98119754336255
2022-10-24,-50.53892134044721
2022-10-25,-27.704205237137224
2022-10-26,-10.876296429106603
2022-10-27,-7.460845463759632
2022-10-28,-30.68541273911452
2022-10-29,-35.139996072447836
2022-10-30,-19.65811273911452
2022-10-31,28.805698126309373
2022-11-01,-48.7337037801844
2022-11-02,-47.270522963721916
2022-11-03,-12.993958377422793
2022-11-04,63.71986100148397
2022-11-05,17.46986100148394
2022-11-06,-63.723472331849386
2022-11-07,-33.16062202786149
2022-11-08,-9.379790321915124
2022-11-09,25.462385794514447
2022-11-10,32.61279312679148
2022-11-11,21.349535346118415
2022-11-12,58.227868679451745
2022-11-13,40.85703534611841
2022-11-14,57.33756822778111
2022-11-15,70.43889421464408
2022-11-16,39.75731572824761
2022-11-17,-4.957976892185613
2022-11-18,63.56488728237876
2022-11-19,91.15238728237874
2022-11-20,102.81447061571208
2022-11-21,143.19308244791011
2022-11-22,94.15497825874964
2022-11-23,67.84087323141817
2022-11-24,128.07267540056
2022-11-25,147.60432962938987
2022-11-26,128.8509962960565
2022-11-27,36.32682962938987
2022-11-28,169.39439045305886
2022-11-29,244.8529609153179
2022-11-30,259.439756348374
2022-12-01,264.13453066226094
2022-12-02,207.18690259258108
2022-12-03,149.90565259258108
2022-12-04,136.49023592591442
2022-12-05,212.35539909077778
2022-12-06,255.71397372994244
2022-12-07,194.9739707299818
2022-12-08,260.07448691782906
2022-12-09,282.98962337197935
2022-12-10,226.59004003864604
2022-12-11,198.71295670531273
2022-12-12,307.72161013748394
2022-12-13,319.5960262176208
2022-12-14,323.2738866559237
2022-12-15,277.4119575477332
2022-12-16,294.714156648249
2022-12-17,152.3695733149157
2022-12-18,73.15998998158236
2022-12-19,74.70955081410328
2022-12-20,68.86656188713508
2022-12-21,97.9914255115412
2022-12-22,75.46302333235204
2022-12-23,68.57196699260588
2022-12-24,-5.450116340727433
2022-12-25,-11.305533007394104
2022-12-26,-76.31664034006845
2022-12-27,-25.101841333870503
2022-12-28,-62.73674346777064
2022-12-29,-94.76475245171905
2022-12-30,-92.96291975596822
2022-12-31,-108.38041975596822
2023-01-01,-92.67500308930155
2023-01-02,16.581940789626184
2023-01-03,53.05055826668088
2023-01-04,-31.154461336479926
2023-01-05,17.875234335719494
2023-01-06,29.27847700229631
2023-01-07,0.6138936689629553
2023-01-08,-19.253189664370357
2023-01-09,41.150516558970665
2023-01-10,35.476884243336755
2023-01-11,-1.1909112229979577
2023-01-12,-18.086543063161248
2023-01-13,-19.66689138913244
2023-01-14,-56.96480805579911
2023-01-15,-77.0498080557991
2023-01-16,42.25631822700346
2023-01-17,46.79738658504479
2023-01-18,54.43158060247728
2023-01-19,58.34567235772549
2023-01-20,90.91425259658668
2023-01-21,54.64633592992003
2023-01-22,61.405502596586686
2023-01-23,114.19839648899831
2023-01-24,115.67234528142994
2023-01-25,95.36628372397311
2023-01-26,80.20460081757221
2023-01-27,80.91959348446144
2023-01-28,56.857093484461444
2023-01-29,35.746260151128126
2023-01-30,-4.2118570406244515
2023-01-31,38.61800871496632
2023-02-01,11.830450096550209
2023-02-02,57.827847184702776
2023-02-03,23.38384387593873
2023-02-04,66.78426054260538
2023-02-05,52.13967720927207
2023-02-06,93.63375193948744
2023-02-07,94.8229369117688
2023-02-08,76.42418408642443
2023-02-09,56.81201101895533
2023-02-10,49.023283645889144
2023-02-11,29.368283645889143
2023-02-12,59.40911697922248
2023-02-13,86.77841259836133
2023-02-14,76.90029430725153
2023-02-15,64.52929751099992
2023-02-16,56.68734004657266
2023-02-17,1.6430595104701453
2023-02-18,15.166809510470152
2023-02-19,34.548059510470154
2023-02-20,-18.009323835368136
2023-02-21,41.82627957882206
2023-02-22,68.87544446654053
2023-02-23,65.25058693467531
2023-02-24,37.592444087631684
2023-02-25,8.580360754298361
2023-02-26,29.112027420965028
2023-02-27,67.0350944877427
2023-02-28,64.28314542354187
2023-03-01,59.23570426576631
2023-03-02,63.64451109567007
2023-03-03,58.95401258327917
2023-03-04,29.66192924994587
2023-03-05,43.976929249945876
2023-03-06,75.5360685915438
2023-03-07,31.255695657800807
2023-03-08,62.47793127011913
2023-03-09,49.00688072042396
2023-03-10,34.59320952339303
2023-03-11,17.584459523393036
2023-03-12,14.511959523393045
2023-03-13,-43.023156235438194
2023-03-14,-8.236798612843629
2023-03-15,49.96250862625296
2023-03-16,27.01716076466131
2023-03-17,14.734680315817812
2023-03-18,31.724680315817793
2023-03-19,34.379263649151135
2023-03-20,48.17108664377882
2023-03-21,35.72265385611052
2023-03-22,2.2610885875038633
2023-03-23,-3.7602490203498746
2023-03-24,-23.98820070420622
2023-03-25,-62.43778403753956
2023-03-26,-6.480120994061302
2023-03-27,14.508340893175088
2023-03-28,34.63194270140057
2023-03-29,37.903354715040244
2023-03-30,2.497390958810996
2023-03-31,18.45321571850183
2023-04-01,-23.37470094816483
2023-04-02,-11.809700948164839
2023-04-03,30.793403353991707
2023-04-04,50.5292582613636
2023-04-05,60.32580904093353
2023-04-06,44.99785710370413
2023-04-07,29.412215061886407
2023-04-08,37.675965061886394
2023-04-09,25.829298395219723
2023-04-10,-39.185346479944876
2023-04-11,-17.822371085613234
2023-04-12,29.24526873370378
2023-04-13,30.016015900026716
2023-04-14,50.18409377886997
2023-04-15,28.185343778869978
2023-04-16,31.48784377886998
2023-04-17,45.642324078392484
2023-04-18,28.522177997658588
2023-04-19,7.99223980329328
2023-04-20,32.45100036119005
2023-04-21,10.627315630044428
2023-04-22,5.619398963377755
2023-04-23,6.95314896337775
2023-04-24,26.148701939165
2023-04-25,22.97821265761531
2023-04-26,32.360607430924034
2023-04-27,33.752572050049444
2023-04-28,27.320028198549856
2023-04-29,21.962944865216535
2023-04-30,-10.396638468116812
2023-05-01,10.610659906420516
2023-05-02,29.012070094996787
2023-05-03,33.46910415973594
2023-05-04,24.393672915517634
2023-05-05,22.504023590034777
2023-05-06,15.978606923368119
2023-05-07,-6.563476409965219
2023-05-08,22.802118886118485
2023-05-09,21.155805311866963
2023-05-10,34.975822036239656
2023-05-11,44.311842720995195
2023-05-12,28.51728242385807
2023-05-13,6.3643657571914005
2023-05-14,0.013532423858059417
2023-05-15,42.276740258411515
2023-05-16,7.997104127745473
2023-05-17,7.0940941654692224
2023-05-18,14.931693450690545
2023-05-19,14.989020766448405
2023-05-20,-25.486395900218255
2023-05-21,-43.831395900218254
2023-05-22,25.502295444265698
2023-05-23,1.5003274150969474
2023-05-24,31.16582458545399
2023-05-25,10.963464953078944
2023-05-26,-0.9494182037650347
2023-05-27,-8.261918203765042
2023-05-28,-44.380251537098374
2023-05-29,-49.486203940926714
2023-05-30,25.84465018603396
2023-05-31,9.888210795126799
2023-06-01,10.964413775339832
2023-06-02,17.237831486463886
2023-06-03,-7.411751846869446
2023-06-04,-14.105918513536107
2023-06-05,22.4413132635662
2023-06-06,32.06643602089294
2023-06-07,32.768958254340724
2023-06-08,15.264139530765739
2023-06-09,15.876504200217433
2023-06-10,-15.679745799782559
2023-06-11,-30.060579133115894
2023-06-12,25.221527851620706
2023-06-13,17.764309132227893
2023-06-14,29.771531820314856
2023-06-15,47.03173024750897
2023-06-16,55.56922127399092
2023-06-17,32.587554607324265
2023-06-18,21.07380460732427
2023-06-19,45.008994184774096
2023-06-20,47.8981663428709
2023-06-21,50.948068882042804
2023-06-22,53.729930764988644
2023-06-23,35.62641202566917
2023-06-24,11.037245359002512
2023-06-25,4.703495359002503
2023-06-26,27.01866816601011
2023-06-27,30.757481353990542
2023-06-28,43.67081207776462
2023-06-29,48.695544240447276
2023-06-30,39.689973977478985
2023-07-01,-3.9221093558543245
2023-07-02,-124.207526022521
2023-07-03,-18.63131601795047
2023-07-04,13.291625582225702
2023-07-05,-2.139945049110292
2023-07-06,37.16391365611424
2023-07-07,33.43857971657951
2023-07-08,12.66232971657951
2023-07-09,19.802746383246177
2023-07-10,45.81458563564141
2023-07-11,39.54202375348636
2023-07-12,21.614922886030026
2023-07-13,31.938008178981562
2023-07-14,31.261713293202952
2023-07-15,-32.381620040130386
2023-07-16,-51.17578670679705
2023-07-17,15.96880258978689
2023-07-18,38.92422764879535
2023-07-19,29.481084605703643
2023-07-20,27.967070396765344
2023-07-21,35.2358015864032
2023-07-22,7.569968253069874
2023-07-23,-38.24086508026346
2023-07-24,21.541172801651896
2023-07-25,34.784005726769955
2023-07-26,25.756993854335285
2023-07-27,24.37824856816669
2023-07-28,26.53910846732675
2023-07-29,7.295358467326743
2023-07-30,-37.625474866006584
2023-07-31,3.4900640079980434
2023-08-01,13.398671318702235
2023-08-02,2.4961916408224916
2023-08-03,-21.737007489129038
2023-08-04,31.36437217780794
2023-08-05,23.07687217780793
2023-08-06,-9.320627822192062
2023-08-07,-48.854405080554
2023-08-08,-57.47504558309666
2023-08-09,18.379682587229624
2023-08-10,32.40520881125816
2023-08-11,30.178890888187
2023-08-12,9.869724221520343
2023-08-13,-5.056525778479667
2023-08-14,33.26510930899821
2023-08-15,23.297773032097986
2023-08-16,40.44204373564838
2023-08-17,40.45575013493413
2023-08-18,38.118000870283645
2023-08-19,13.920084203616973
2023-08-20,19.250084203616957
2023-08-21,49.24697004195554
2023-08-22,51.041097219518996
2023-08-23,74.44527311504689
2023-08-24,75.85866879790854
2023-08-25,45.036810575438516
2023-08-26,25.291393908771845
2023-08-27,30.675143908771837
2023-08-28,45.92077007989018
2023-08-29,49.93928228545763
2023-08-30,42.04268956597196
2023-08-31,32.936784731125975
2023-09-01,37.834695465411244
2023-09-02,24.396362132077897
2023-09-03,11.910528798744565
2023-09-04,37.46438597080673
2023-09-05,32.32395093760286
2023-09-06,35.18518351715679
2023-09-07,30.606116904845482
2023-09-08,38.10806907387783
2023-09-09,21.393902407211176
2023-09-10,15.178902407211172
2023-09-11,82.17431390248898
2023-09-12,60.92814664161461
2023-09-13,38.333283896561625
2023-09-14,48.77206726051257
2023-09-15,36.31302413107825
2023-09-16,23.327607464411585
2023-09-17,15.742607464411577
2023-09-18,23.653033006752835
2023-09-19,-34.470871913547356
2023-09-20,-22.882272747867766
2023-09-21,30.65325820070489
2023-09-22,31.11575584599715
2023-09-23,26.65700584599714
2023-09-24,-4.047577487336191
2023-09-25,32.94486496799844
2023-09-26,56.21951433612689
2023-09-27,52.30715010779974
2023-09-28,39.76000540270516
2023-09-29,32.73462974561136
2023-09-30,18.96337974561138
2023-10-01,1.5046297456113713
2023-10-02,45.61233641442965
2023-10-03,-48.89718319920675
2023-10-04,-2.193752985654619
2023-10-05,30.006659334143308
2023-10-06,-0.9858830950228921
2023-10-07,-27.632966428356227
2023-10-08,18.0553669049771
2023-10-09,42.149220401719006
2023-10-10,36.38237926828306
2023-10-11,-15.78627881057189
2023-10-12,45.61378779788803
2023-10-13,-10.71434503023282
2023-10-14,-52.592261696899484
2023-10-15,-39.50351169689949
2023-10-16,54.91801005451494
2023-10-17,51.74512378360794
2023-10-18,20.73497423081663
2023-10-19,15.588070435359988
2023-10-20,9.390604379768483
2023-10-21,-23.526478953564848
2023-10-22,-13.898145620231517
2023-10-23,47.79523663595482
2023-10-24,41.70003252436324
2023-10-25,47.55760378672601
2023-10-26,44.65300271787987
2023-10-27,41.60166199169717
2023-10-28,6.617495325030479
2023-10-29,-53.71793800830285
2023-10-30,18.699963667344633
2023-10-31,32.62405265345269
2023-11-01,-9.137676029793706
2023-11-02,-13.110785806520806
2023-11-03,-16.21811469664793
2023-11-04,-47.97519802998126
2023-11-05,-42.87978136331459
2023-11-06,1.2339679595889557
2023-11-07,28.976293655509817
2023-11-08,17.584648817729324
2023-11-09,24.10837830878226
2023-11-10,21.126247370971452
2023-11-11,23.87083070430479
2023-11-12,25.06958070430478
2023-11-13,22.484360326207078
2023-11-14,-7.35331317424869
2023-11-15,30.15292046425816
2023-11-16,45.96403172505538
2023-11-17,49.974690651781785
2023-11-18,20.03052398511512
2023-11-19,-33.17030934821821
2023-11-20,34.880722931526165
2023-11-21,52.27042302427916
2023-11-22,38.477424841459495
2023-11-23,-9.668723147393308
2023-11-24,-8.079519721273709
2023-11-25,22.645896945392966
2023-11-26,44.400063612059625
2023-11-27,45.71205312521157
2023-11-28,54.06677354843464
2023-11-29,72.73142254452421
2023-11-30,100.32790262640077
2023-12-01,87.06234032915394
2023-12-02,47.07109032915392
2023-12-03,35.38442366248725
2023-12-04,43.17458011036656
2023-12-05,46.484689840087306
2023-12-06,60.73610408001725
2023-12-07,46.92729040392252
2023-12-08,34.15753256159799
2023-12-09,8.892532561598
2023-12-10,-13.649550771735338
2023-12-11,10.185575316676772
2023-12-12,38.12335603355611
2023-12-13,24.693500924514215
2023-12-14,39.304268877546605
2023-12-15,26.35096173689492
2023-12-16,3.8105450702282617
2023-12-17,-16.16737159643841
2023-12-18,11.211395058550956
2023-12-19,9.473078066945728
2023-12-20,-5.120354911689205
2023-12-21,-42.82905673622584
2023-12-22,-45.45118076150452
2023-12-23,-37.36368076150452
2023-12-24,-71.47784742817119
2023-12-25,-67.63020231138945
2023-12-26,-51.504788304601675
2023-12-27,-8.228234960446258
2023-12-28,-52.03372040029997
2023-12-29,-62.706949761530815
2023-12-30,-35.01111642819748
2023-12-31,-59.163616428197486
2024-01-01,-52.927403607088266
2024-01-02,-11.221761299108188
2024-01-03,-20.84251763206437
2024-01-04,18.528954374527263
2024-01-05,23.418712304131684
2024-01-06,20.772878970798356
2024-01-07,18.374962304131696
2024-01-08,36.03633156101972
2024-01-09,43.92099489311404
2024-01-10,47.38854823048152
2024-01-11,46.5705854025785
2024-01-12,43.14188199743167
2024-01-13,11.665215330764998
2024-01-14,13.251465330765004
2024-01-15,23.477683879829126
2024-01-16,38.51995638994431
2024-01-17,37.50008504209377
2024-01-18,30.761692781607078
2024-01-19,16.523636680883115
2024-01-20,11.676136680883118
2024-01-21,-11.727196652450225
2024-01-22,-11.468367182591425
2024-01-23,-9.187472796438218
2024-01-24,-29.258060719518216
2024-01-25,16.355760707618845
2024-01-26,-2.5666142914271184
2024-01-27,6.556719041906224
2024-01-28,-2.51369762476045
2024-01-29,23.49324169738721
2024-01-30,19.319785822402658
2024-01-31,16.167993896790172
2024-02-01,12.979435860425347
2024-02-02,2.2481028121561693
2024-02-03,-23.44273052117716
2024-02-04,-44.63564718784383
2024-02-05,-23.442898140655092
2024-02-06,-14.300471515378966
2024-02-07,19.885130033072866
2024-02-08,30.209067377959176
2024-02-09,12.909088320880958
2024-02-10,14.518671654214291
2024-02-11,4.352838320880956
2024-02-12,18.220103289145477
2024-02-13,15.97497039701343
2024-02-14,11.701647951453769
2024-02-15,13.522529918400764
2024-02-16,4.518414854945828
2024-02-17,10.111748188279165
2024-02-18,-3.3574184783875047
2024-02-19,8.778915825330046
2024-02-20,7.274109997206725
2024-02-21,1.4491504450650616
2024-02-22,-5.019349884314181
2024-02-23,-12.250390669064487
2024-02-24,1.2108593309355058
2024-02-25,5.106275997602175
2024-02-26,9.141218704432685
2024-02-27,15.633753526547128
2024-02-28,12.334467142251636
2024-02-29,3.8104211101656453
2024-03-01,10.451006755619911
2024-03-02,3.6564234222865757
2024-03-03,-0.09024324438009401
2024-03-04,14.008331363779487
2024-03-05,11.529252344512138
2024-03-06,20.204330962229754
2024-03-07,14.046539784403656
2024-03-08,0.42890373075363186
2024-03-09,-16.289429602579702
2024-03-10,-27.90359626924638
2024-03-11,11.082499505540955
2024-03-12,25.58126429333758
2024-03-13,12.305976099757508
2024-03-14,5.620526781609627
2024-03-15,-6.550287688652492
2024-03-16,-12.089037688652486
2024-03-17,-0.6357043553191595
2024-03-18,18.398346949552657
2024-03-19,18.55308427329667
2024-03-20,28.43217786387845
2024-03-21,18.867270797729386
2024-03-22,5.116006247137619
2024-03-23,-25.846910419529053
2024-03-24,-37.55066041952905
2024-03-25,20.065571846803536
2024-03-26,2.2967607478841607
2024-03-27,12.353329752159048
2024-03-28,-12.713078615495814
2024-03-29,-26.36616840866024
2024-03-30,-10.879501741993568
2024-03-31,-8.683451017355889
2024-04-01,-30.047738526164032
2024-04-02,-32.60888468358709
2024-04-03,22.74848289144042
2024-04-04,0.9730297554880174
2024-04-05,-18.117148610428572
2024-04-06,-34.965481943761915
2024-04-07,-43.944231943761906
2024-04-08,19.541560753743166
2024-04-09,-7.494322326920848
2024-04-10,4.742991628863436
2024-04-11,-9.090043607441025
2024-04-12,-7.9822582663408
2024-04-13,-55.113508266340794
2024-04-14,-52.18475826634079
2024-04-15,1.8857780390718268
2024-04-16,-13.378362941278407
2024-04-17,33.59286870351974
2024-04-18,27.308839749507857
2024-04-19,-8.993796574641387
2024-04-20,-9.572963241308045
2024-04-21,-12.660879907974717
2024-04-22,31.516660374395904
2024-04-23,30.711643089620576
2024-04-24,27.561041897816576
2024-04-25,23.333470940239202
2024-04-26,19.40424905958263
2024-04-27,-4.871167607084036
2024-04-28,-54.05200094041736
2024-04-29,19.957840541440415
2024-04-30,7.269487617957111
2024-05-01,-58.53049116726392
2024-05-02,-28.358787830235247
2024-05-03,13.448082808923406
2024-05-04,10.785582808923397
2024-05-05,-10.20525052440993
2024-05-06,28.431682976853313
2024-05-07,28.428955491133955
2024-05-08,27.718994480294338
2024-05-09,-3.0722596292373403
2024-05-10,11.90222121212743
2024-05-11,-10.436945454539227
2024-05-12,-62.306528787872566
2024-05-13,-16.888796673660806
2024-05-14,-35.53210079688073
2024-05-15,-20.2553826591431
2024-05-16,-14.312287148964593
2024-05-17,5.6515046159251625
2024-05-18,-7.557662050741506
2024-05-19,-10.858495384074843
2024-05-20,0.2869185740254565
2024-05-21,14.63441810132025
2024-05-22,20.855907983301044
2024-05-23,28.693199727112248
2024-05-24,36.934290723638625
2024-05-25,6.99637405697197
2024-05-26,-7.329875943028039
2024-05-27,41.73431734326044
2024-05-28,25.906027038479273
2024-05-29,14.5453954269416
2024-05-30,32.52983764111127
2024-05-31,24.541348211097283
2024-06-01,-5.729901788902719
2024-06-02,-41.437818455569385
2024-06-03,48.21021126316436
2024-06-04,40.218557222300774
2024-06-05,16.665916085523055
2024-06-06,21.512556291004184
2024-06-07,19.033821016122328
2024-06-08,-18.142845650544334
2024-06-09,-36.85617898387767
2024-06-10,27.954484198522522
2024-06-11,-2.621514170320573
2024-06-12,26.36092494779302
2024-06-13,29.946213629195906
2024-06-14,14.17252991381422
2024-06-15,-56.578720086185776
2024-06-16,-42.817886752852445
2024-06-17,30.31685115845408
2024-06-18,32.16497235078478
2024-06-19,20.28586363208271
2024-06-20,29.31080823017864
2024-06-21,33.28728353997125
2024-06-22,-11.628966460028757
2024-06-23,-13.80354979336208
2024-06-24,28.262067185733923
2024-06-25,11.723442941406159
2024-06-26,39.27198782105159
2024-06-27,27.989624981713735
2024-06-28,-2.766615036517379
2024-06-29,6.205848731598564
2024-06-30,-20.574984601734762
2024-07-01,29.402929264748924
2024-07-02,22.73285783712947
2024-07-03,24.513283789797654
2024-07-04,-34.86682738682457
2024-07-05,-26.05621753509566
2024-07-06,-55.69038420176233
2024-07-07,-41.40121753509566
2024-07-08,25.73984215502574
2024-07-09,15.817024859666791
2024-07-10,17.974564288967446
2024-07-11,30.017972925262374
2024-07-12,28.69910972565656
2024-07-13,-33.206723607676786
2024-07-14,-37.51339027434345
2024-07-15,15.602229774882286
2024-07-16,-11.788409788492036
2024-07-17,15.226641079301125
2024-07-18,29.566228242633116
2024-07-19,24.6462545413677
2024-07-20,0.7387545413676939
2024-07-21,-6.924162125298967
2024-07-22,30.310525594135697
2024-07-23,18.29238924406673
2024-07-24,3.4948319194060566
2024-07-25,17.265651811518723
2024-07-26,28.81301337040821
2024-07-27,18.700096703741533
2024-07-28,-16.11115329625846
2024-07-29,6.404909800170596
2024-07-30,11.846635047352773
2024-07-31,13.472230893530497
2024-08-01,26.92345934563618
2024-08-02,25.69023008876257
2024-08-03,7.167313422095923
2024-08-04,-6.030186577904082
2024-08-05,33.19674174746157
2024-08-06,19.690599538792416
2024-08-07,25.253693148216254
2024-08-08,25.399393165999115
2024-08-09,-14.383982677106758
2024-08-10,-17.853982677106757
2024-08-11,-12.983566010440086
2024-08-12,23.459824327703696
2024-08-13,32.105439839116535
2024-08-14,40.13841734099993
2024-08-15,17.475505832754873
2024-08-16,39.79463009184477
2024-08-17,24.991713425178105
2024-08-18,19.992546758511438
2024-08-19,39.84407413452967
2024-08-20,24.203325713500394
2024-08-21,-14.303217664882279
2024-08-22,-3.8969568912439954
2024-08-23,-28.197075919297617
2024-08-24,-17.512909252630948
2024-08-25,-45.45832591929762
2024-08-26,32.76530983196945
2024-08-27,23.450212885268453
2024-08-28,28.783545009066255
2024-08-29,45.56959203428056
2024-08-30,39.13370968478143
2024-08-31,11.542459684781434
2024-09-01,-5.855873648551899
2024-09-02,47.4431026265079
2024-09-03,93.14059392277608
2024-09-04,61.34994074323879
2024-09-05,0.28283217703033614
2024-09-06,12.018613579434433
2024-09-07,15.308196912767773
2024-09-08,4.88944691276777
2024-09-09,35.51633563225083
2024-09-10,-4.6407721856882205
2024-09-11,16.959604448801585
2024-09-12,48.74701664441002
2024-09-13,26.973757763408894
2024-09-14,-10.005408903257756
2024-09-15,-1.712908903257759
2024-09-16,34.473520650940344
2024-09-17,25.39035223794819
2024-09-18,14.61081684303878
2024-09-19,14.589705409004779
2024-09-20,10.041336103017581
2024-09-21,6.69883610301758
2024-09-22,12.856336103017593
2024-09-23,57.903240266821776
2024-09-24,28.322051504308902
2024-09-25,11.517017233749026
2024-09-26,-9.001794944268521
2024-09-27,-49.158236444579124
2024-09-28,-34.844903111245785
2024-09-29,-5.569486444579127
2024-09-30,-31.676829610801914
2024-10-01,3.5476084382160415
2024-10-02,32.09372751124876
2024-10-03,8.408996103853045
2024-10-04,30.435150538357828
2024-10-05,20.239317205024474
2024-10-06,-10.796516128308848
2024-10-07,17.68568814950653
2024-10-08,26.47812693807731
2024-10-09,17.9651317876348
2024-10-10,-6.610891784751487
2024-10-11,28.994439479560484
2024-10-12,-9.835143853772848
2024-10-13,-58.10139385377285
2024-10-14,38.72999201374735
2024-10-15,28.592183336486006
2024-10-16,-30.54729253263353
2024-10-17,5.828560429301437
2024-10-18,36.30443377428506
2024-10-19,19.546933774285055
2024-10-20,-30.455149559048277
2024-10-21,17.467253115334184
2024-10-22,37.41169664496438
2024-10-23,45.541087069625014
2024-10-24,34.68729261832298
2024-10-25,45.77971038870854
2024-10-26,34.782627055375215
2024-10-27,23.397877055375215
2024-10-28,44.36765731365229
2024-10-29,73.57323850899185
2024-10-30,57.5761377571126
2024-10-31,39.478332144203065
2024-11-01,9.300785295182688
2024-11-02,40.999535295182696
2024-11-03,27.674951961849356
2024-11-04,59.30410356676283
2024-11-05,98.90237325738764
2024-11-06,165.44091005968107
2024-11-07,92.22399351899432
2024-11-08,45.73309044584298
2024-11-09,46.81809044584299
2024-11-10,46.513090445842984
2024-11-11,53.621045972376706
2024-11-12,98.39859915984583
2024-11-13,82.67080480652842
2024-11-14,54.036399896773545
2024-11-15,56.30300135423782
2024-11-16,26.489251354237826
2024-11-17,-4.385331979095515
2024-11-18,35.85376788196071
2024-11-19,55.90419101232827
2024-11-20,47.08580147161672
2024-11-21,54.63051125124575
2024-11-22,42.93250414401929
2024-11-23,7.649587477352608
2024-11-24,-64.40416252264738
2024-11-25,-13.629290231047108
2024-11-26,44.423713612544084
2024-11-27,51.9055884122473
2024-11-28,28.273746279786284
2024-11-29,62.25525805542679
2024-11-30,36.247758055426786
2024-12-01,26.600258055426796
2024-12-02,42.55440024434144
2024-12-03,78.00155063487364
2024-12-04,117.23494421590564
2024-12-05,41.49808926077344
2024-12-06,21.560275432663463
2024-12-07,6.694025432663484
2024-12-08,34.25402543266347
2024-12-09,35.21336401072235
2024-12-10,85.02042645310917
2024-12-11,201.57966901181783
2024-12-12,331.4350828813067
2024-12-13,114.68891201418116
2024-12-14,37.449328680847856
2024-12-15,-16.929004652485485
2024-12-16,-14.259297198827955
2024-12-17,24.994588396711116
2024-12-18,-5.9723892892394375
2024-12-19,-10.184588563493445
2024-12-20,14.193260080055563
2024-12-21,-40.04423991994444
2024-12-22,-39.24548991994443
2024-12-23,-3.4005768215652417
2024-12-24,39.929555496145674
2024-12-25,36.056268263608096
2024-12-26,50.42261996597219
2024-12-27,58.67207907339173
2024-12-28,59.60416240672507
2024-12-29,42.246245740058384
2024-12-30,14.87642710671405
2024-12-31,-2.2317025172296887
2025-01-01,-63.37961918389635
2025-01-02,28.147634349437663
2025-01-03,24.952624456317103
2025-01-04,55.80512445631711
2025-01-05,7.24929112298377
2025-01-06,-38.1338205667972
2025-01-07,-4.6713391275391345
2025-01-08,42.867811949301625
2025-01-09,60.45441549630067
2025-01-10,51.41367055263939
2025-01-11,40.876587219306046
2025-01-12,49.05158721930606
2025-01-13,66.25047117318438
2025-01-14,64.93206068707649
2025-01-15,159.9181704303792
2025-01-16,85.70206337288526
2025-01-17,83.15617977419478
2025-01-18,70.98701310752813
2025-01-19,65.56201310752812
2025-01-20,168.1049578353172
2025-01-21,104.97988235542263
2025-01-22,98.53661634208487
2025-01-23,40.70857296400811
2025-01-24,15.370903536027548
2025-01-25,35.79673686936088
2025-01-26,37.932153536027535
2025-01-27,-2.404957407553649
2025-01-28,43.01558596169525
2025-01-29,44.08120590379925
2025-01-30,67.6000611126241
2025-01-31,76.64132485109963
2025-02-01,71.0700748510996
2025-02-02,72.75174151776628
2025-02-03,90.70297384654441
2025-02-04,80.05183836527677
2025-02-05,79.52316293843037
2025-02-06,87.62380516031706
2025-02-07,59.14957718749396
2025-02-08,46.782077187493954
2025-02-09,66.39249385416063
2025-02-10,59.568729582959705
2025-02-11,58.26711483748504
2025-02-12,92.94935136678026
2025-02-13,111.75702002993643
2025-02-14,118.57075037648801
2025-02-15,73.08408370982133
2025-02-16,72.077000376488
2025-02-17,92.93263286162424
2025-02-18,72.9873452692595
2025-02-19,52.27987111855572
2025-02-20,36.5830680872527
2025-02-21,32.44611477847828
2025-02-22,11.970281445144956
2025-02-23,32.689864778478274
2025-02-24,32.34808622385751
2025-02-25,81.61644719529353
2025-02-26,77.9120081955093
2025-02-27,67.7691263079271
2025-02-28,70.79776206459579
2025-03-01,65.67192873126243
2025-03-02,33.143178731262445
2025-03-03,49.23725238157088
2025-03-04,51.520497666126715
2025-03-05,22.170759448867315
2025-03-06,34.214797074120256
2025-03-07,47.78757924671649
2025-03-08,34.480495913383166
2025-03-09,21.00382924671649
2025-03-10,56.02703816614705
2025-03-11,68.87002309190892
2025-03-12,68.85765393093689
2025-03-13,69.01972875841996
2025-03-14,64.89463737585041
2025-03-15,36.57922070918373
2025-03-16,15.692137375850397
2025-03-17,43.036015194795525
2025-03-18,33.717746403423234
2025-03-19,46.96617733208765
2025-03-20,51.22357409698246
2025-03-21,16.64345990220907
2025-03-22,-41.919040097790926
2025-03-23,-1.9161234311242517
2025-03-24,72.91276777276057
2025-03-25,55.04263293718343
2025-03-26,57.62546019414319
2025-03-27,42.355353731938024
2025-03-28,31.86468579810265
2025-03-29,28.035102464769302
2025-03-30,-44.794770723636496
2025-03-31,46.02486704659709
2025-04-01,34.898396923579895
2025-04-02,3.3479296201379327
2025-04-03,20.814342783914306
2025-04-04,34.81380375661481
2025-04-05,-0.26952957671852573
2025-04-06,-16.809529576718518
2025-04-07,40.669580319429
2025-04-08,42.465132350660255
2025-04-09,36.405070139191196
2025-04-10,30.020150925893695
2025-04-11,8.990644218395769
2025-04-12,9.764810885062428
2025-04-13,-16.43685578160424
2025-04-14,42.03974416923886
2025-04-15,13.874111635922542
2025-04-16,33.2009890464553
2025-04-17,42.57114666107685
2025-04-18,31.982396661076862
2025-04-19,13.004063327743523
2025-04-20,9.348646661076856
2025-04-21,26.144146596226996
2025-04-22,57.682786789465936
2025-04-23,53.50691818023844
2025-04-24,40.99848452126665
2025-04-25,32.643489864200404
2025-04-26,1.5101565308670892
2025-04-27,-24.447760135799584
2025-04-28,23.221559671732223
2025-04-29,20.83074305274189
2025-04-30,22.01361545703555
2025-05-01,-8.474073369115981
2025-05-02,8.521328784543478
2025-05-03,0.8079954512101537
2025-05-04,-20.72783788212319
2025-05-05,33.49366389827887
2025-05-06,35.779875676765286
2025-05-07,43.384410034072694
2025-05-08,47.699131834595036
2025-05-09,25.720314312366018
2025-05-10,-3.0930190209673043
2025-05-11,-35.9867690209673
2025-05-12,13.623627272880004
2025-05-13,23.362548084462297
2025-05-14,13.882548937445357
2025-05-15,10.647183697330739
2025-05-16,18.543643459922784
2025-05-17,4.646560126589449
2025-05-18,8.072810126589452
2025-05-19,40.425188512048436
2025-05-20,35.08862148893411
2025-05-21,15.753740621823056
2025-05-22,5.873798417800586
2025-05-23,27.089714147691975
2025-05-24,2.6188808143586364
2025-05-25,-31.76778585230803
2025-05-26,17.676862485594338
2025-05-27,6.8388800826542955
2025-05-28,29.175171157425982
2025-05-29,1.1956903700187134
2025-05-30,-6.354961486324118
2025-05-31,15.96753851367589
2025-06-01,-14.964544819657451
2025-06-02,31.71389825832229
2025-06-03,16.222708404367854
2025-06-04,27.010138338862948
2025-06-05,23.383779680378943
2025-06-06,-8.386076698837172
2025-06-07,2.6960066344961646
2025-06-08,-34.382326698837176
2025-06-09,-24.467823720209026
2025-06-10,-3.139305948479514
2025-06-11,13.97229220320893
2025-06-12,1.2773336335107572
2025-06-13,-5.949482407937609
2025-06-14,-13.667399074604276
2025-06-15,3.80176759206239
2025-06-16,23.077126621648553
2025-06-17,26.49253721183464
2025-06-18,21.386931675826435
2025-06-19,-2.4296632639938345
2025-06-20,28.8804507416438
2025-06-21,14.439617408310454
2025-06-22,-16.707882591689547
2025-06-23,-19.70114052582876
2025-06-24,-10.80686170911006
2025-06-25,22.536153206642584
2025-06-26,34.08147877865723
2025-06-27,23.788631982030804
2025-06-28,-6.71801656869383
2025-06-29,-3.279284684635865
2025-06-30,44.34644490849654
2025-07-01,80.120356295034
2025-07-02,45.02872473001544
2025-07-03,27.64636181241116
2025-07-04,20.715138261176318
2025-07-05,-5.043195072157015
2025-07-06,14.590554927842984
2025-07-07,42.29554028415768
2025-07-08,32.05374604541477
2025-07-09,33.4156553762954
2025-07-10,31.748872078235895
2025-07-11,29.144498027234167
2025-07-12,13.517831360567502
2025-07-13,14.752414693900821
2025-07-14,40.430898549351866
2025-07-15,33.11007735845279
2025-07-16,37.59506017309489
2025-07-17,34.81349014426226
2025-07-18,43.15541907765649
2025-07-19,12.363752410989832
2025-07-20,13.702502410989837
2025-07-21,42.741551224650664
2025-07-22,20.951663968293342
2025-07-23,20.744562551878087
2025-07-24,44.9109385329042
2025-07-25,39.65881903911456
2025-07-26,33.38923570578122
2025-07-27,21.662152372447874
2025-07-28,36.938968694254584
2025-07-29,18.49926557370658
2025-07-30,17.724361438939155
2025-07-31,27.24467941135491
2025-08-01,35.138791288713136
2025-08-02,9.09545795537979
2025-08-03,-15.803292044620203
2025-08-04,6.06232954073057
2025-08-05,-21.48430179325543
2025-08-06,4.653071427628827
2025-08-07,14.655982053581099
2025-08-08,18.94133856463193
2025-08-09,4.20050523129861
2025-08-10,-10.417411435368063
2025-08-11,27.335881869759294
2025-08-12,28.141705901015754
2025-08-13,43.0894518535861
2025-08-14,48.834660183892126
2025-08-15,17.430895022235124
2025-08-16,4.749645022235132
2025-08-17,7.866311688901792
2025-08-18,35.146731212536736
2025-08-19,25.80516936942572
2025-08-20,34.15943839981943
2025-08-21,35.61127574378338
2025-08-22,16.584153121318053
2025-08-23,10.773736454651385
2025-08-24,5.9524864546513925
2025-08-25,32.53523870363947
2025-08-26,42.56462114371227
2025-08-27,47.67875478892857
2025-08-28,59.091982264181325
2025-08-29,37.13557810697037
2025-08-30,13.210578106970374
2025-08-31,0.6339114403037058
2025-09-01,44.49937107621625
2025-09-02,65.80186842866289
2025-09-03,9.053199976934948
2025-09-04,31.196350007597623
2025-09-05,43.54928995224554
2025-09-06,19.077206618912207
2025-09-07,-14.238626714421134
2025-09-08,67.21443070194371
2025-09-09,86.41563096729251
2025-09-10,69.65157652094518
2025-09-11,16.040076570068393
2025-09-12,-2.0410377183378117
2025-09-13,4.784795614995524
2025-09-14,15.551878948328849
2025-09-15,-47.93011087296705
2025-09-16,-37.24657771064367
2025-09-17,19.11775029614172
2025-09-18,9.056066808573103
2025-09-19,39.89451684191173
2025-09-20,2.1199335085783986
2025-09-21,-24.409649824754936
2025-09-22,41.25320817802094
2025-09-23,46.854644102842784
2025-09-24,23.209295983818144
2025-09-25,26.038379062278246
2025-09-26,38.77398317808116
2025-09-27,36.6123165114145
2025-09-28,30.99606651141449
2025-09-29,73.95225927764685
2025-09-30,79.9957528183337
2025-10-01,60.44190629175519
2025-10-02,46.43547223018864
2025-10-03,9.97113318956806
2025-10-04,-57.08136681043193
2025-10-05,-55.06126264376526
2025-10-06,29.460148932362888
2025-10-07,81.6492000208738
2025-10-08,61.17822573429603
2025-10-09,48.5421668481343
2025-10-10,40.09710789151628
2025-10-11,34.37929539151629
2025-10-12,32.876170391516276
2025-10-13,83.19063401154062
2025-10-14,100.45117638276432
2025-10-15,89.08550167272924
2025-10-16,42.56011895617736
2025-10-17,47.128873913591406
2025-10-18,38.46304058025808
2025-10-19,18.078040580258072
2025-10-20,24.91479495015872
2025-10-21,10.73372178960786
2025-10-22,68.15748258835512
2025-10-23,25.286526993232993
2025-10-24,-24.6388923098907
2025-10-25,-45.73993397655737
2025-10-26,-50.4448423098907
2025-10-27,11.534356734459802
2025-10-28,9.664225488166025
2025-10-29,30.665440048398278
2025-10-30,12.033851431959043
2025-10-31,35.95877743819862
2025-11-01,-9.653305895134714
2025-11-02,28.62783993819862
2025-11-03,19.48609824457616
2025-11-04,14.231108371741747
2025-11-05,34.22497515997064
2025-11-06,47.32223501323793
2025-11-07,52.15117165886575
2025-11-08,47.81137999219909
2025-11-09,40.351275825532426
2025-11-10,51.388867756735124
2025-11-11,38.42020341629119
2025-11-12,21.755068620307682
2025-11-13,11.716865369494602
2025-11-14,48.35246558695083
2025-11-15,32.324236420284194
2025-11-16,43.05559058695083
2025-11-17,36.48624842987459
2025-11-18,43.415982889665784
2025-11-19,44.15651131356967
2025-11-20,67.27339761592809
2025-11-21,88.11493224666766
2025-11-22,32.88024474666766
2025-11-23,13.059098913334328
2025-11-24,73.66617113696108
2025-11-25,161.4328345931704
2025-11-26,102.69535915863486
2025-11-27,32.45164575146498
2025-11-28,26.22144536001024
2025-11-29,31.36644536001022
2025-11-30,25.321653693343567
2025-12-01,33.96234107854162
2025-12-02,40.580964596683934
2025-12-03,105.2577721192914
2025-12-04,65.5905129294571
2025-12-05,74.4353673202734
2025-12-06,20.763179820273407
2025-12-07,21.54130482027341
2025-12-08,11.550157668985609
2025-12-09,32.37851755126371
2025-12-10,19.276743746201458
2025-12-11,35.09793643133011
2025-12-12,54.05637016953108
2025-12-13,36.53157850286442
2025-12-14,26.821161836197742
2025-12-15,27.825296648386633
2025-12-16,47.38583093704848
2025-12-17,47.009132894850985
2025-12-18,14.579956569832035
2025-12-19,10.19485581279422
2025-12-20,43.18141831279421
2025-12-21,31.693501646127533
2025-12-22,26.03717525927607
2025-12-23,15.172045133630942
2025-12-24,9.883938942086669
2025-12-25,10.25091810875335
2025-12-26,38.4737974595772
2025-12-27,32.383172459577196
2025-12-28,33.705776626243875
2025-12-29,35.40904208847133
2025-12-30,28.506555774579052
2025-12-31,27.94567483372639
